id,text,target
770976639173951488,@noseashetero 1000/10 de verdad a ti que voy a decir petarda que te quiero más que a mí mismo  ✨,P
771092421866389508,@piscolabisaereo @HistoriaNG @SPosteguillo las tengo pero aún no las he leído. Caerán prontito ,P
771092111429083136,"Al final han sido 3h  Bueno, mañana tengo fiesta así que.. No me quejo ",P
771092070572449796,@Jorge_Ruiz14 yo no tengo tiempo para esas cosas ahora mismo ,N
771094192508600320,@_MissChaotic_ ves ese brillo? es un coso que hace que se sepan a kk ,N
771116956518875137,Tengo una perrina adorable... Sabéis que me acompaña hasta la a habitación cuando me voy a dormir? ,P
771115324884262912,"@juankipua Es que en el Ojeando el año pasado tampoco, tiene muchas canciones ya jajajajaja ",NEU
771118683414560768,"Bueno, estoy en la batalla final del Conquista y ya después me faltaría Revelación ",NONE
770550748107202560,@CondeDuqueMAD ¿mañana sábado 31? En que día vives?  Mañana es miércoles 31.,NONE
770549862500802560,"@agcasti y el caminante ante el mar de niebla, uno de mis cuadros favoritos en portada ",P
770549380294336512,@vitojph ¡sí! Y me ha encantado  ¿Tú ya las visto? ¿Cuándo comentamos?,P
770558771219271680,@aladroqe Se me olvidaban los grandes @2qblog y @estapillao ! A ver si os interesa es hilillo ,NONE
770558626788507648,"@pendragoncillo Mejor si pones un link a la cuenta, me ha costado encontrarte.. ",N
770555355491426305,@Majoras_Mark Por?  Tenía pensado verla después de la segunda de Daredevil ,NONE
770554917685719040,"@SoofRawr + ni el de al lado, la ""manita"" que usas para que se vea como más negro ",NONE
770527686116700160,Llevo despierto desde las 8 porque un puto mosquito estaba volando en mi puta oreja y ,N
770521682842877953,@ArchivoSGAE Qué estupendo. Y... ¿cómo os lo encargo?  ¿Es la estupendísima versión de Barce..? ,P
770470969085464578,Cosas que enamora las tostadas calentitas a estas horas de la mañana ,P
770544710440083456,"Hola buenos días, me he dormido a las 5 y algo y me acabo de despertar y se me ha ido el sueño ",P
770560227531948032,@omixam no creo que hayan diseñado una tipo propia ,N
769977284514156545,@perriestheory sabes que en 2012 o 13 tenía una novela de mierda en la que perrie era mala ,N
769979388825927680,@CarlosSadness en ninguna porque no te he visto en directo  concierto en madrid pronto pls,NEU
770057070611722240,@uravity_ lo se pero tengo la esperanza de que en realidad sea un personaje mucho mas oscuro ,N
770056603924037633,Pa una vez que me pongo a ver películas con un amigo y se queda dormido ,N
770059333489025024,"@Hanita_chan nfin, no puede ser peor que un minikayato  Clauyato is real",N
770053036483940353,@KharanosGame Que Kinox no me quiere   zi yo zoy buena perzona,N
770032814729355264,"Este viernes iré al cine a ver #NoRespires para celebrar mi cumple. Por cierto, no estáis invitados ",NEU
770221197309120512,"Podríamos empezar septiembre desde el día tres, no sé, estaría guay ",P
770220682504470528,y lo peor de todo es que funcionaba maldita Jaco como te quiero ,NEU
770219320643387392,aqui fardando de que soy vegano desde hace 2 dias con mis amigos de tuiter! ,P
770187533531643904,@MisfitStormer pues hay gente así de mala por el mundo ,N
770223986382962688,@Mentestropeada Atraigo por los dos lados es un problema duro ,N
770222346829520896,@YG__GF me ofrecería pero gerald es demasiado lindo ,NEU
770238296865792000,@baad_news es dirección de proyectos en empresas audiovisuales ,NONE
770238084764041217,Como destrozaba el puto movil ahora mismo ,N
770237903062654976,#DiaDelVideojuegoHC por todas esas grandes tardes que nos hacen pasar y las que pasaran! ,P
770237223916670976,"@DarkGiirI que va tía, muchos son viejos de mi madre, otros del chino. Los que me encantan y me estoy comprando son los del Kiko ",P
770236753525481473,Parece que hasta mañana no podré catar el madden. Hoy no habra directo ,N
770242315306799104,Mi compañero de trabajo será mi futuro marido... que pena que no lo sepa ,N
770215539037839360,@Reporte24ES @LaVerdad24ES fallecido hace meses. Hay q contrastar. ,N
770214477363023872,@Yore89 necesito mi ración de atención diaria que si no no mantengo la autoestima ,N
770201127057063936,"@CristyStruky Gracias por dar a ""Me gusta"" a nuestros tweets  ¿que tal? ¿estás trabajando Cristina?",P
770267484553347072,@Club_Ratoncito Nuestros niños no andaban de lo más animado con eso de que se acaban las vacaciones... ,N
770266021802471424,@vivanlospipis ser es muy malo pero bueno te salvas porque te queremos igual ,P
770270539772493825,Pero solo cojo 5 días porque me cambio de curro y ,NEU
770269675141881856,"@dorysmemories Yo también me lo imaginaba así! También soy de las que creen que el casting es buenísimo, al menos yo estoy contenta ",P
770269426834894850,Despues de trabajar duro me merezco mis caprichos ,P
770262568703291392,@LorasTyrellSer Yo también te puse algo bonito. Cuanto desprecio ,NEU
770272501196845056,No encuentro el mando de la tele y me estoy poniendo nerviosita ,N
770246064645496832,Lo mejor de estar ya en Málaga es poder ir a ver Escuadrón Suicida esta tarde ,P
770178218255147012,"@LaFeaDelBaile insoportable? Eso es lo que tú dices  Ya nos contarás, espero que vaya todo genial ",P
770174003164155905,@toniroldanm y por cierto el respeto (y en mi caso admiración) es mutuo ,P
770173260218720256,@CainQ yo he subido una en gayumbos hace nada. Qué poco me lees paisana     @Ichabod1880,N
770281603713101824,@EskizoSirenita hay que ser mala persiana para quitarte esa diversion ,N
770281218948624384,@myvidaconlibros ¿verdad que sí? Yo también me quité un gran peso de encima ,P
770281174451257344,"@cardinaleconnor Mañana no :(, pero seguro que hay gente buena  @cuatro @mananascuatro",NEU
770277686304468992,"@DeathManu94 @piercetheidiot ya lo sé, pobre Uno  Te acompaño en los feels",N
770287599500091392,@_anarKopunK_ @jkarlos1998HD y aún así estoy en el campo   y l edición coleccionista tengo que acabar de pagarla,N
770283477195452416,me mantengo optimista pero se me hace difícil a veces de verdad ,N
770288042687037441,@tachina @EW @Outlander_STARZ Sí! Yo creo que vamos a acabar muuuuuuuuy contentas ,P
770208550824075264,"Vale entiendo, no he estado rápido en la bajada, pero hay es donde habría que haber entrado    @ivanovlaguna",N
770208079099072512,"@GxDRadioGalega Correcció ""Nin se nos pasa pola cabeza NON ser segundos"". ",NONE
770204764709740544,Ha muerto mi profesora de volumen/escultura y en serio que bajonazo ,N
770250234916110336,"Haces que se vaya mi melancolía, me devuelves de nuevo a la vida ",P
770249350194790401,@Sakura1474 tia que estoy a punto de acabar la novena voy con retraso ,N
770234256501141508,@Madridonasangre yo acabo de aportar mi pequeña contribución. Te sientes tan bien! ,P
770232966459092993,@dfresneda_UNED pues la aludida ...y yo mismo...sí...Buen día ,NONE
770231340612583425,Hoy una mosca no me dejó dormir y me cago en su puta vida ,N
770230916048445440,"@Aldepadorio es un gran, gran tipo  @cesarmuela",P
770248941522784256,@FraanBMJ pero entiende que era nuestro sueño  además cuando la vi creo que estábamos en 5 de primaria o algo así,NEU
770248677264883713,@Yuremonplsxd @PequeChikane Aquí habemos  me he saturado al leer eso idnwhy,N
770248351841456128,"@Jorge_LBU Espero que te mejores pronto, vomitar es muy desagradable ",N
770247683395190784,la chancla representa el asco y lo muy harta que está mi madre de aquí la menda ,N
770253038447624192,"Hola @xabyjordi gracias por la información, tomamos nota  Qué tengas un buen día",P
770254835669168128,"@TheFuzzCanyon gracias por etiquetarme, pero no suelo hacer estas cosas ",NEU
770254726134960129,@KikeMlaga @sanchezcastejon ¿Socialistas honrados? Esto es un oxímoron. ,N
770257983737589760,"que le pasa a mi tumblrr o.O se ha vuelto extraño, no sale la musica ",N
770257496342659072,"Cada uno que busque sus mecanicas, pero que lo haga rapido antes de morir y eso ",N
770228440985468928,"@suomijon @chemiF1 @WinfieldF1 ... bien pienso que tú te enquistas en temas secundarios sin ver ""toda la película"". ",N
770228393799520256,Ojalá alguien llamandome bonito o precioso  sad,N
769975273559326720,@Sasnak95 @Muzska89 o hacemos presión social o esto no avanza ,N
770050213847367680,@aIfonsofr no lo consigo  ayudame porfi que es super importante,N
770075865845755904,"Despues de tener el combo perfecto pa sentirme como una mierda, a dormir ",N
770074975747313667,Necesito ver por lo menos una vez más a Riri para irme a dormir más conforme. ¿Por qué tienen que echar a estas horas la gala?  #VMAs,N
770048662818938880,"@OnSuicidio es una barbaridad de dinero, y aunque lo tuviera no puedo porque se contrata antes del show  -Noe",N
770076999545196544,"@jose97angel ¿eliminada? Nooo, no la han eliminado. Pasó a la semifinal el otro día ",P
770151813064654848,@jonathanchacon te deseo muchísima suerte en tu próxima aventura tío ,P
770151752964382721,"@EduHdez7th @UDLP_Oficial Preciosa vista y gran resultado, enhorabuena ",P
770135955109969920,"@_MrsCristina te amo, aunque parece que te has dormido cuando quedaban 5 o 6 ",NEU
770135922604138500,@MataTweet @Alejandro_Novas jajajajaja. El All Bran es Pro!  Buenos días compis! ,P
770025462152265728,De verdad desde que me puse las gafas moradas no soporto a ningún tío y ,N
770025123118215168,"El puente mas bonito de la constitución este año en Alicante 12,13 y 14 @zaharapop en directo y allí estaré ",P
769981814689632257,"@ce_roses Ouch, ya no llego, a ver si para la próxima si que puedo  un saludo",N
770022541813489664,Aaaa aaa estoy tan cansada y me espera una semana tan horrible hasta el jueves que ,N
770162951571603456,"@Fourty35   Es este chisme, que no expresa los matices. No era la idea el elemento cortante.  ",N
770161501370015744,"Venga va hasta luego, solo he dormido 3 horas ",N
770161397665767424,"@Ronronia @MsLectora Uf, los freudianos! Vinieron a tomar café el miércoles y aquí los tengo aún,  acampados en el pasillo  Bon dia ",NEU
770160286699491330,Un vibrador que nos estudia...se adapta a nuestras necesidades. Lo mejor del #Verano este #juguete inteligente   https://t.co/VLgBuWnYX7,P
770159562490015744,"@carlachan Ja ja, hay gente muy cansina, sobre todo a partir de cierta edad, paciencia... ",N
770159312580800512,"@emedemo holaaaa de origen vegetal  nunca nunca nunca de origen animal, buen día ",NEU
770146996254547968,"@gilthoniel_1987 Si estoy trabajando 😭, con vistas eso sí. Buenos días!! ",NEU
770142637852688384,"@eenriquelopez era por troleaer, usar store data  valdría auqn tampoco sería preciso. #troll",NONE
770208850788093953,oir a @KNekro  y a @G4G_Revenant que haran directos del wow pero no se acuerdan que el server lo mas seguro ni que vaya  jaja ,N
770183418189668356,@ElnAlfaro Sí. En realidad no pensaba q fueran a recortar tanto. La querencia es mutua ,NEU
770198030708510721,"@lococamionero @pnique no, si pagar le pagaba bien, tranquilo ",P
770212600881766400,lo mejor de to es que me examino justo el dia de mi cumple pero bueno la vida ,P
770739469502865408,"@alejandrosanmo @luisalisferrer Hay una historia escrita donde salen las mujeres, pero no es tan popular ni se estudia en las escuelas ",N
770752938147012608,"@Valenciazombi Genial! muchas gracias. Mi fanpage de FaceBook sigue activa también, aunque yo no entre ",P
770752263111446528,2. Si. Eres mi crush máximo aunque te considere de mis mejores amigos ,P
770752206098272256,Digo yo que tengo mala memoria y mi vecino se ha tatuado el nombre de su mujer ,NEU
770737973759447040,@enriccortinhas Mil gracias por compartir Enric! Feliz noche ,P
770737743999668225,@BrokenCr0ss_ Eres mi emo fav. Lo de emo es coña se que no lo eres. Quiero verte. Cantas muy bien maldito. ,P
770769659683545088,@IleniaGarcia @LauraHerreraCb @Caro96lina @LaraRMartin HAHAHAHHA MMM NOS VAMOS EN 2 semanas y no tenemos ni hotel Pa la primera noche 😂😂😂 ,N
770768269292822529,@YumaRuchi sigue mejor que mi pelorizo  FeelsBadMan,N
770767938991353856,Limo sadboy de mierda la vida es maravillosa ,NEU
770734183169789952,"@marcasgz ufff ni te imaginas, y claro encima dándome golpes en la cabeza por mi sentido del humor ",N
770733650501566464,Aquí tenéis el segundo vídeo del día  14 días para tener PES 2017 y la demo de FIFA 17!! WUOUUOO   https://t.co/8hh6Fu6kRB,P
770771380975591424,en verdad me duele la vida recordar este momento porque fue tan bonito ,N
770770970596483072,"@CharlieSkelter ehhhhhhh ese no he sido yo, y lo digo muy en serio  hasta los cojones de que me roben mi puto identidad.",N
770770961494863873,Que mal rollo da dormir sola diariamente en casa ,N
770770776060559361,Lo que ma el ser optimista que hay en mi (qUE LO HAY AUNQUE SEA MINÚSCULO) Lo que meno el hecho de no confiar  https://t.co/OafLkK91G2,NEU
770637346450661376,Bueno ya tengo unos links guardados para el summer finale de pll  Espero que me funcionen hmm...,P
770636899971108864,@Pedroner Pues deja de hacer en pervertido y de viciar y haz algo por tu vida ,N
770722093860327424,"Dicen que Twitch va mal hoy, pero aún así os pondré stream en 20 mins ",NEU
770704491117150208,"@jjsaenzde A mí me haces un favor, encantado  @srtagalicia",P
770703890220212225,@arturocaracuel @javifontalba @joaquinito71 @desmarquemalaga el.partido estaba pa Lugano ,NEU
770705925149696000,@manueljorgegh @RLloria gracias  feliz noche a ambos!,P
770705705523351553,"Necesito dos rodamientos, Marcos mañana traemelos porfa ",NONE
770702799470489601,@lantoli podemos usar el término.equipo pepino ,NEU
770702414852882432,@GermanDZ @jmbeas @CarlosTheSailor @penguinjournals Yo creo que el consumo cerebral es inversamente proporcional a su uso ,NEU
770701854661611520,"Tengo poco dinero y poco nivel (nivel 6 bitches). Así que nada de historia, farmear y contratos a muerte ",N
770700832329302016,@ranoeldelbar @HacheFilardi @Noel_PI Claro claro! Buscamos justo los otros ,NONE
770700614208786432,"@mividaaburrida @juanpabloraba por dios que guapo sale, que pena que en españa supongo que no saldrá ",NEU
770698967474696193,"@Soukron si mi salón de 25m pasará a ser de 50… igual si, pero para mí caso ahora mismo, ideal ",P
770726042315161601,"¡Eh @rccelta_oficial, #GuidettiNoSeVende!   Pero entre nosotros... Si lo vendéis, mandarlo para Valencia eh  #AmuntValencia #HalaCelta",P
770725676798410752,@ricki33_ me quedo con la tónic ya sabes que soy un clásico ,P
770725552944742401,"@whoscabello Es que es verdad, prefiero mil veces que estea sana que ir a verla al concierto y que se encuentre mal ",NEU
770639468650954752,"@LaQueSoySiempre @ealbaga Por desgracia vende más  ,riñas,trifulcas,peleas,al cuello!! mátalo!!",N
770624050259451904,"@SoRaRaP eso sería más propio de ellos, yo no me ensucio las manos con personas dependientes ",N
770644810118168576,"@LaQueSoySiempre Te comprendo,dominar y anular como haces tú conmigo al HABLARME en voz ALTA,ok ",N
770641472580415488,"@GemitaKbyos ¡Enhorabuena! Eres la ganadora del sorteo,escríbenos por mensaje privado para darte el premio ",P
770641328283811840,"@AitanaZD ¡Enhorabuena! Eres la ganadora del sorteo,escríbenos por mensaje privado para darte el premio ",P
770678209381892097,"@Noel_PI habrá, pero no conozco y tb habrá mucha etimología popular falsa... El Wiktionary para mirar uno por uno va bastante bien ",NEU
770677317895094273,"@xladyoflight claro que sí, París merece mil visitas ",P
770654500306690048,.@FestivalGigante vamos a estar desde primera hora viendo a @GoleYaika y @SonogramaGrupo pero son bienvenidas alternativas emergentes! ,P
770654319213436929,@Safreeoficial y pfff...tambien la gente me caia genial..y me da muchisima pena ,N
770680542522183680,La persona vale para algo. Otra cosa es que no te creas lo maravilloso y ese arte que puedes desplegar..fingelo hasta que se exprese. ,P
770680162115588096,"@pmklose Le conocí en 2011, me pareció inteligente, respetuoso y respetable, pero combativo, si... ",P
770687795396509696,@cartoblasto @mrobaina @uby77 no seas malo  se pide sobre PIB  déficit 4% es 40.000 millones gastados + que ingresados jaja,N
770687689020600321,@AliceDesuDesu Legion>Novia? Lo bonito es Legión + novia en el pack  asi juegas con ella.,P
770624610798858240,@RaulVCF__ ya y asi se va a quedar hasta que encuentre una de villa nueva en calidad ,N
770684236533796864,"Doght es amable,Doght es cariñoso,todos quieren un Doght,disponibles,en ninguna parte ",NEU
770683204047175680,@albertbru una especie de Titanic pero en versión cutre no? ,N
770689773040173056,15. No me gusta el término   16. Meh  17. Depende de qué 18. No  19 Un perrete prechiocho  20. No 21. No 22. El año pasado,NONE
770689436459921408,"@maaryamxd le doy a me gusta como fuera Rt ya que tu cuenta es privada,vale? ",NONE
770689209095098368,@xtrelok pero del practico ya? No me dijiste que hacías prácticas. ,N
770707842886164485,@jimena9011 @JM_VelascoG muchas gracias! feliz noche a ambos ,P
770707710765588481,"@SiMeLaTarareas @HacheFilardi @Noel_PI sí, los epónimos!  como ""rebeca"" también ",NONE
770710633037824000,"@magoangelESP mago dejaras el vídeo subido en youtube, es que ahora no lo puedo ver ",NEU
770682589455773696,@BorjaCastejon Llévales bibliografía! La evidencia en educación médica existe ,N
770710821513158656,"Si papá vas a regalar mi piano, tranquilo que te dejo, no te preocupes ",P
770657940365778944,@ShiyuuTeikoku @__Frostmourne__ y ojo no les nombres el HSM que se ponen todo dignos ,N
770657834749034496,Me retuitea gente que no conozco y sus amigos no tiene los mensajes abiertos y no sé que haser ,N
770657192357789696,@esther_trota Espero que te guste  Escocia es precioso!,P
770720098789261312,@lonchbox @ipatri @Joan_Artes @martasimonet @malabache @YouTube el dulce de leche hizo mucho daño ,N
770719897940848640,@Aitorek @ArvenLoL yo ya en eso no me meto  sacar las cosas de contexto y llevarlas a tu terreno es algo diferente,N
770718625875591176,"@_rvng En Castalla (Alicante) muy oportunamente, a primeros de mes celebran sus fiestas de Moros i Cristians i todos están de fiesta! ",P
770717939175723008,"@MonicaRuedats gracias, Mónica! feliz noche, guapa ",P
770717151120465920,Encantado @juanl_cruz  estás siempre bienvenido. Espero visitaros en Málaga antes ,P
770754988939370496,@Maleski ¿Y a tu agente del CNI no le deseas buena noche? Pobre. ,N
770720434941820928,@AngryCharlio ostia... jugaba a uno de los primeros en la SNES en japonés!! Y lo jodido es que lo acabé  Me encantaban estos juegos!,P
770713182533025793,@Pablogorrito @Yulian_Poe Vale me san confundio los oido  hacía mucho que no escuchaba el cara al sol JAJAJA,N
770712312693030912,"@Suli22 ni siquiera llegué para ver las competiciones de Río en directo, solo las barras asimétricas de Aliya ",N
770714136904863745,"@ialcazar @CarlosTheSailor @kinisoftware @tolivern Ah! No se, yo uso sickrage que no entiende de divisiones ",NONE
770715715003355136,"@Pablogorrito @Pablo_VzP No sabe a mierda, está muy buena ",P
770715234642329600,"@Tokpelotas @Carlbozal +1 y coincido, no imaginaba que el 4k se notaría tanto a esas distancias. Pensando en pasar a Netflix UHD ",P
770711670809300993,@BornToBeJuan lo siento Juan ya sabes que soy hetero ,N
770711642971734016,@thorelvasco @PabloGenis yo no me tiro pedos soy un princeso ,NONE
770711406857555969,Mi móvil no me deja abrir los grupos y tengo unos 600 mensajes así de regalo ,N
770656648834801668,"@GinaSieben Pues sí, es precioso como bien puedes ver en el vídeo ",P
770667983236636672,"@mtscano veo ahora mismo más fácil el sí del PNV mañana, ha dejado clarito lo que piensa del diálogo aquí ",NEU
770667505425780736,"@johnny21es Bueno, me piro a la piscina , que hace un día estupendo ",P
770670451899133956,@aparachiqui @kikollan tu suma a una semana de verte abocado a elecciones ,NEU
770670356612939780,Isco con Juande no seria titular y lo sabeis... al mister le van mas los Tissones... ,N
770627505854226432,"Esto de salir a en punto de casa, y que el bus tarde 10 min en llegar, y vaya muuuuuuy tranquilo no me gusta. Eh? ",N
770670090345938944,@offerrall @DarksDiego997 se puede hacer directo desde la ps4 sin capturadora ,NONE
770669297488302080,Me meo con las voces españolas  encima pronuncian Raven como /raiven/ en vez de /reiven/.,N
770673904335646720,"@Noel_PI Y Noel significa Navideño, pedo también lo asumimos. Pero alguien lo tuvo que poner por primera vez ",NONE
770693990895194112,"tengo muchas ganas de mimitos, y sabia que pasaria y ahora pos  a ser fuerte o algo",N
770666914523774977,la verdadera eriichii me hubiera dado besitos SO MARRANA ,N
770666893116145664,"@hectorboigues ay, pues gracias...  Al menos tú sí lo ves como algo ingenioso... Ayer me dijeron que tenía un insufrible sarcasmo ácido ",NEU
770696022439890944,@Nadieelosabe Vale vuelvo a preguntar. No sabia no que te siguiera ,NONE
770695708399796224,@SEGAFORLIFE es la feria de mi tierra  Solo espero que sea un éxito y ser un gran anfitrión ,P
770629639295434752,"@HCFanego @almoregan Gracias, tú también  Por cierto, vete rellenando la bodega, que el 17 estoy allí",P
770628475229175808,"@mercesori @clicfox ¡Enhorabuena! Eres la ganadora del sorteo,escríbenos por mensaje privado para darte el descuento ",P
770758191365980160,"@Sara_Bouvier nada, yo por lo menos cuando compré la guitarra eléctrica me salió muy parecido a sí la hubiese comprado en Thomann ",NEU
770757357513109504,"Un poquito de Ministerio del Tiempo y a dormir, que mañana hay que hacer muchas cosas  Bona nit",P
770760066127495168,"@SonrieXRIZ ya  Si algún día soy rica te llevo conmigo a verlo a donde sea, promesita 👉👈",P
770759439347544064,"No, no. Ya no te quiero, me declaro soltera a partir de ahora, me has hecho daño  @carjudi6",N
770784389953359873,@imconnorstruck mi corazón dejó de palpitar como una papa frita cuando empezó el capítulo  #PLLSummerFinale,NEU
770661853827592195,Lo mejor de todo...la felicidad   felices porque pronto veremos la boda de J&P… https://t.co/RXtpPrcVe7,P
770646758020026368,@forbaltihood De nada jo a veces solo hace falta esperar y tener paciencia ,P
770646332184944640,@Haplo_Schaffer Lo mejor son sus amiguitos defendiéndole diciéndome a mí que pase página cuando es él el que no me deja en paz ,N
770646101653393408,"@BubblesaurTV eso es lo peor de todo, de verdad, no se cómo no les da vergüenza, me dan ganas de llorar ",N
770648383098908672,@CheeseLena_ emberdá mis dibujos del paint son mejores ,N
770643261140656132,@plcido_vzquez @cultrun creo que duran más que tantos amores eternos ,NEU
770665974752243712,"@hectorboigues a preguntas mediocres, respuestas ingeniosas...  ",N
770665070993018881,"@lorzagirl oye, que mi madre se le cortó la leche  y mirame, 1,85 XD, aunque algo enfermizo de pequeño. Ahora, lo de la leche X...",NEU
770622081922891776,"Ya llegó Unidos Podemos, @Pablo_Iglesias_ y @AGarzon acaban de llegar juntos al @Congreso_Es ",NONE
770621786169958400,@ArthasSama @Holic_meri es por no destrozar tus posibilidades con la gente guapa ,NEU
770650861160828928,@TheFlowerGirl90 a bueno le fuistes a decir.....  quevaaa yo tengo muy poca cosa tambien ^^ ,N
770275229742628864,@Crisnosesae @l30n4_ tio a mi sus libros me encantaban  pero es verdad que con el mensaje se ha pasado de clasista xd,NEU
770275162415661061,@javier_andres @txarly fui idiota y pude comprarlas hace días. Parezco nuevo. ,N
770275068949700608,me he ido a la ducha y se me ha olvidado coger la ropa  ahors tengo que salir a por ella y como haya alguien en mi ventana me ve desnuda,NONE
770274624651325440,"@Shiroychi ¡#Nunca! ^^ Lo hablaremos, lo hablaremos. ^^ Seguro que coincidimos en más de una convención. ",P
770274148492992512,@LauraCarvajal @RLloria @arturovillegasg @perezreverte @BmDulce @scardige @Laura_Chica @drcesarlozano un abrazo  es mutuo!!,P
770274050727931904,@KoiSamsa jajajaja yo creo que esa fue improvisto eh! muchas grasias hermosa!! ,P
770315388064239616,"@LovNaty Tu vida ha parido a un grandisimo hijo de la gran p... , un maravilloso hombre!!. ",N
770315319881719808,"@Javiturpeiro eso dice mucho de él... así que nada, tómate tu tiempo que cuando estés preparado, todo llegará ",NEU
770315307206471680,@ninivecardenas2 Te puedes creer que te iba a poner lo mismo  Te quiero mi Nini,P
770291852914425857,@Rakshasa21 Pues no disfrutarás de un Dulce suelo ,N
770291537481723904,"@ISanDesign @Hobby_Consolas jaja y por que lo peor, los juegos de Ubisoft no son tan malos, lo que si es un poco malo es ser solo de Sony ",N
770291372272259072,¡Ya hemos contactado con los ganadores de #YosoyMTVJammingVibe! Atentos porque mañana lanzamos nuevo #concurso  https://t.co/K0xoobBiM3,NONE
770114408467095552,"Cuando no puedo dormir, escribo todo lo que preocupa en una libreta que alguien me regaló y es como un somnífero instantáneo ",P
770142365927501824,"@StealThisHills omito el *con alguien*, pensaba que estaba claro ",N
770140633419964416,@Otxu88 espero que fuera todo bien y ahora a por una gran semana ,P
770114952455712768,"@CNNEE y si puedo trabajar en Madrid, Buenos Aires o Bogotá yo sería también muy feliz hihihihi ",P
770169656451731456,"Al principio él no te gusta , pero te acaba gustando y cuando te deja lo extrañas ",NEU
770156782299865088,"@tinoroso @titomartin67 @uby77 es un término coloquial, no un análisis ",NONE
770155606514728960,me encantaría mucho tener una buena cámara y saber como usarla a la perfección ,P
770166170624360448,"@_mhiguera en cualquier caso gracias por tu ""welcome back"". Qué cálido ha sido ",P
770165342035410944,Han tenido buena iniciativa @AnabelCampo y encima son amigos ,P
770165126519525376,"@_mhiguera me ha dicho que es ""bienvenida de nuevo"". Pero ya me has hecho ir allí y ya  tú sabes que no suele haber nada bueno ",N
770164540118016000,"Ahora me daba yo un manguerazo a ver si se me quitaba esta cara de ""hola he dormido 2 horas"" ",N
770163887836696576,"@JulenReal Anda que no nos hemos subido ahí tu y yo en el paseo nuevo,  en fiestas de semana grande  ... ",P
770459663859146752,@henryancat tio es que esta el librillo recien comprao der chino y me toca la polla 😂😂 vente pa casa te doy un piti ,N
770480174035075074,Janowiiiiiiiicz ole tus cojones y ole tu set y tu over!!!! No me pago las fiestas pero si algún cubata!! Buenos diiiiias mundo!! ,P
770541228299526144,@AlbbaBernet póntela y te das una vuelta por Málaga porfa ,NONE
770540223751225344,"Me ha explotado un vaso en la mano, que forma tan bonita de empezar el día ",N
770539606387396608,"@crypsicho Significa que nos ha resultado gracioso cómo lo has dicho. Como ya comentamos, al final en 2016 es imposible traerlos ",N
770539347779158016,"@insumisiones Es asqueroso esto. Amiguitos de mi ex diciendo que normal que me pegase porque ""tengo mucha mala leche.""  Increíble.",N
770565952303951874, alguien sabe donde puedo intercambiar photocards de exo? o-o,NONE
770564742947696640,AHHH Todo el mundo me manda audios y no puedo escuchar canciones tranquila ,N
770584408080474112,"@Nine_Stories Somos pequeños y modestos, no podemos abarcar mucho más. ",N
770584357983621120,"@GabanFK tengo las 3 ediciones originales, y bueno...no los aguanto, demasiado antiguos ",N
770582848885649408,@HijodeBilharzio Que bonita zona de entreno escogieron ,P
770582154040451072,@FrigoAdri yo tengo que verlo tio  jaja pero se lo merece  ya hacia tiempo que lo se merecia,NEU
770582014118559744,@DanteDirewolf porque cuando veía a mi hermano jugar tenía malas pulgaaas ,N
770581249975083008,"@CarlosLMiranda Buen artículo Carlos , se va Lucas pero tampoco hay que dramatizar , casi me haces llorar ",P
770578350955978752,"Despues de todo sigues pendiente de mi y lo sabes, pero autoengañarse is moreee easyy ",N
770577933660454912,@UniversoMujer18 ya se acabo la hora jajaja estoy expectante a ver si me ha tocado el #cubreSelFem para llevarlo a todos lados puesto ,P
770577763967365120,Algún alma caritativa me tiene que prestar el Pokemon  ,NONE
770571007736287232,"@lithospheric Mejor. Cuando pagan la ESA y la NASA, al fin y al cabo pagamos todos  Que chulada!",P
770570843382484992,"@RASAMA_ yo puedo cambiar de opinión, de cara es más difícil, porque vale una pasta. ",N
770570765821480961,@ivan11PG Aunque aquí precisamente ninguno de los dos pero da igual por qué me haces esto ,N
770569685834293248,"@BertoValen I'm back! Aunque esté desaparecida en combate me alegro a lot de tu graduación, Dr! Mucho ánimo en el MIR! Un abrazo grande ",P
770575339466653696,"@FranCartagenaCT @BurnleyOfficial @ChelseaFC Bastante, bastante. Ganitas de verlo romper la Premier. ",P
770571712761069568,"@Vic_Phantomhive Nah, que soy un pringao que lleva aguantándole mucho y ya estoy cansado ",N
770590253937790976,@goetha  Ahora es Abel quien está resfriado  es lo ke tiene estar juntos todo el tiempo jajaja el curro bien? ,N
770590136828559360,"@daniacal aún no, pero si estará jugable en el TGS no creo que tarde demasiado. ",P
770590083753906176,"Está puesta la película de ""Cómo entrenar a tu dragón"" en el autobús pero la pantalla está demasiado lejos y yo soy un topo. ",N
770561721157255168,"Último dia en Elche, ahora toca Benidorm ",NEU
770576044856320000,"@ivan11PG Aunque esto no es una lucha, estamos jodidos y punto ",N
770503792194453504,De aquí a una semana hará cuatro años que vivo en Barcelona. Creo que por el momento no se me ha dado nada mal ,P
770603865968353281,@Maquinuelo @ivansilvamatias si para ti que le vaticina al club 2 o 3 años no son malas palabras vale   ,P
770603624028336129,"@nachobartolome de hecho, Nintendo Magic fue la principal fuente de información para mis especiales biográficos de Iwata ",NONE
770599961511596034,tio pero cuando dawn dispara a beth y daryl la dispara a ella inmediatamente y se pone a llorar ,N
770599293711421440,"@prettio_cgm bueno,  es algo..  Cuando encima no sabes porque te pasan las cosas todo es un poco peor  lo dicho, muchos ánimos ",N
770594679255556100,Ha ardido una caravana aparcada al lado de la playa   Fuego ya sofocado por los bomberos @… https://t.co/LgbW9ryGWy,NONE
770593840533241856,"@Perguelofici Pero, en gral, de acuerd una opinión muy interesante! Tendría q escribir también una entrada en mi blog  @CarmenAgustin",P
770619157935230976,"@MV3ga hay cosas del hilo con las que discrepo. Como me sigues hace poco, te aviso de que yo hago rt a lo interesante, coincida o no ",NONE
770618684876259328,"@joseplluismunoz @Congreso_Es @WillyVeleta @gerardotc Está de camino, friéndose bajo el sol sevillano ",NEU
770617338307579905,"@otonashi_saya Pero la verdad es que en general no voy mal de motivación... casi al revés, me sobra motivación (y ego ",P
770617284587098112,@ia_nav @Los40Trending @dcodefest @LEONBENAVENTETW ten por seguro que si queda libre cuento contigo ,P
770617213887746048,"@otonashi_saya Ja ja, imagino que cada uno de una forma distinta. Yo me compro gadgets o veo una peli (como Interstellar ",NONE
770616744192929792,"Mi última partida jugada, con Sona support. La grandes razones para jugar Sona   https://t.co/2rgmMeAFIs",P
770616202993496065,"Me estoy cansando a dar rt a esto d ""rt o suspendes"" pa luego suspender fijo ",N
770605388290985984,Mi madre me deja ponerme rubia pero no el pelo morado ,NEU
770605337237975041,"Por una parte necesito la cena del sábado y volver a estar todos juntos, pero por otro lado pienso que nos vamos a separar y     ",NEU
770604489753624576,He hecho el primer puré de verduras de mi vida y parece pota y sabe mal ,N
770431282157330432,Por qué tiene que ser mi pelo tan goals mojado y tan mierda despues ,N
770428638705684480,@HunterRowland duchate rapido babe que tengo sueño ,NONE
770453393714348032,Eso de echar de menos tu propia casa son leyendas urbanas ,NEU
770466250900340737,"Tengo ganas de bronca estoy aburrido, proximo tweet abro el cajon de mierda ",N
770468520736030720,Ea ya mañana cuando me despierte empieza la fiesta y ya estare distraido para el largo viaje de Valencia a Cadiz ,P
770534479072993280,"@lucyhale Las chicas fuertes y guapas han de luchar contra la oscuridad del mundo, que hay mucha. ",NEU
770532537269678084,@Carlos_GalindoL @FSanabriaLuis @Jluis_porta @cartoblasto @jjonline76 @uby77 las pequeñas diferencias que enfrentan las dos españas ,NEU
770607143158444032,"@JorgeUfano ¡Muchas gracias por la respuesta! Cualquier cosa, aquí estamos para lo que necesites  ¡Saludos!",P
770613924031033344,Estaba el autobús Benidorm-Madrid al lado con las puertas abiertas y me ha tentado subirme y volver. ,N
770612988281618432,@KMinorito Es que solo piensa que todas las canciones tristes que tienen (loser por ejemplo) son basadas en experiencia.. ,N
770632417782661120,"@REANYMA @FernandoFabiani No, no, ¡dijo que dejaban de surfear por la cornea! Que se quedaban quietecitas. ",NEU
770633904072032256,"@AnaSJuarez @OfficialMauiJim ¡Hola Ana! Te hemos contestado por mensaje privado, donde no hay limitación de caracteres  ¡Gracias!",NONE
770633713822601216,"@Defconplay de hecho lo confirmo, los caminos y las casitas son las mismas ",NONE
770630118247165952,Si algún alma caritativa tiene mac y sabe como instalar excell de windows que me diga pls ,NONE
770450466220171264,"@SylexVid @EnVy_HarryHook ?  a la derecha aparecen los personajes más jugados en ranked, no lo que vamos a jugar ",NONE
770431992404082688,Ya decía yo que lo bueno me iba a llegar tarde o temprano  espero no poder equivocarme,P
770427312462450688,"Voy a soñar con fórmulas matemáticas, historia del mundo y la pasiva en inglés  *le explotará la cabesa*",N
770509927207038976,"@XulioePunto Pues escapó.. Y no lo dimos encontrado, estuvimos al menos 5 personas buscando y nada ",N
770434744748236800,@ragnomuelle Yo a veces hecho de menos mi pelo largo por eso mismo entre otras cosas ,N
770529111123066880,@joanllenas es que son todo cosas que me molan  A lo mejor ya conoces speaking.io de Zack Holman también ,P
769734680748888064,que cansado me tenes albacete... que cansado!!    sino vuelvo a rosario en verano........... ojo.,N
770781870636273664,He visto un documental sobre las pirámides los moais y predicciones y ahora me da cosita dormir sola ,N
770797203157716993,"La regla me esta destrzando el cuerpo Quiero vomitar, me duele la tripa, la cabeza, tengo fiebre y estoy mareada y pf ",N
770777535579877376,"@zapejuana @Exojo @yeya_ade @rosipasmar @gartoro @nshradio Qué bonito... a mí me tiene que pagar las horas extras también, soy así... ",P
770783076305821696,"@SomeJaneDoe_ nazismo y fangirleo como tú filosofía de vida, doble moral  juju",N
770874653896273920,"@carlosgterol @MataTweet Si, ayer estuvimos reunidos en Moncloa, pero al final habrá que repetir elecciones ... 😂😂😂 Está que responde! ",NONE
770874166182604800,"@monzonete Cuando me borré Twitter, jeje, esta cuenta es nueva, aunque con el mismo nick ",NONE
770876718974439424,"Ya es oficia nos quedamos sin Konoplyanka en @LaLiga   Eso sí, será una alternativa barata a Reus en la Bundes https://t.co/mvOqHl4p53",N
770941045643341824,Con ganas ya de que llegue septiembre  Y comenzamos mañana nueva temporada en @DelecturaOblig.  #adiosagosto,P
770940498710257666,"@_lauu_20 Gracias por lo de ""ídolo""  Aunque solo soy una persona normal y corriente que escribe libros ",P
770948309347364864,@Rokkowen TODOS SIEMPRE tienen carita de super buenos y adorables pero luego la lían ,N
770947417130885120,@Sr_Zeta hola vengo de intagram  en verdad ya te seguia pero hola igualmente🙄❤️,P
770947177657008129,"Llevo toda la mañana haciendo cosas y no he podido ver ni moon lovers, ni signal, ni nada ",N
770944329540075520,"""No tenemos la sensación de ir a un trabajo"", din os @PIXIES  Eu na ofi lendo o @rockdelux, tampouco a teño  https://t.co/MEG8DZVVTn",P
770943120179691520,"@VicentIvars @JJCuerda @eljueves pero hombre, eso ya lo había leído  La pregunta es... ¿Cuál pretende ser el titular completo?",NONE
770942611997724672,Las horas que son y sigo sin ser capaz de ponerme a estudiar....el sueño puede conmigo ,N
770915801654329344,"Voy a sentar a mi sobrina en el médico y me dicen uno súper mal ""está ocupado"" y le digo yo, pues se desocupa para la niña ",N
770915744980795392,"@BenitoVGC el Sabueso es muy malo, el leñador mola   Quiero minero y mago de hielo ",NEU
770958769949999104,"HIJOS DE PUTA, dejad de darle rt a los otros y preguntadle a alguien por mi que no se a cuantos le he dao rt y solo ha respondido 1 ",N
770958035648913408,"@tonyoaguiar @albertopedroche Anda castrón, comí aquel trocín pequeño que me cortaste ",N
770787189319925760,A mí nunca me podrán hacer una broma porque no cojo llamadas y menos cuando son ocultas ,NONE
770795402534715392,@anaamontull_ @IreneCarro_8 @MariloGarciaa6 con una pequeña donación hará felices a miles de chicas que no tienen  #asociacionmariloli,P
770910217999712256,@CatedraRSC_UAH Muchas gracias!! Feliz por haber formado parte de esta edición del Master! ,P
770909472785039360,me cago en mi puta vida y en el puto vecino por hacer tanto ruido de buena mañana ,N
770926989591056385,"@manuelortegama4 se llama Wolf, es la mascota #SeSalen en apoyo a los deportistas paralímpicos  Más inf https://t.co/KQl89uDr3h 😃",NONE
770929359611891712,@Realba74 @InterSerEd genial Rebeca !! Este era mi deseo al escribirlo. Seguiré escribiendo en esta linea práctica ,P
770949040804691968,"#HistoriasAlegresEn4Palabras ""hoy trabajo en compañía"" y es que en @TaludEria se trabaja rodeado de gente muy maja  #Coworking #Oviedo",P
770933976349417472,@Aitt7 calla que yo estoy ahora en mi día libre y las horas se pasan más rápido que poniendo copas en el bar ,N
770937557823721472,"@CsCValenciana @Albert_Rivera Como mejor luchar contra la crisis, unidos o siempre enfrentados.  Lo tengo claro.",NEU
770888205822484480,Así leyendo entre líneas y el discurso de @sanchezcastejon igual vota que no a Rajoy. #InvestiduraOndaCero ,NONE
770887977769766912,"@policia. ""Precaución amigo conductor que la senda es peligrosa...."". Lo importante es llegar. ",NONE
770884213214248960,"@Julio_C_19 Hola Julio, para que las pizzas lleguen en las mejores condiciones, marcamos la pizza, no la cortamos ",NONE
770905076315586560,Ayer fue un día de emociones muy encontrada se acerca septiembre por un lado y por el otro una personita que siempre me hace sonreír ,NEU
770902925736566784,No silencio lo que calla. Es la vida suspendida hasta que brotan las ganas de bailarla.   #creatividad https://t.co/VXMZt8AVyJ,NONE
770877882222673920,Qué bonito es ser mujer  y que te joda los planes que tenias  y que te despierte el dolor de ovarios  😡😡😡😡,N
770921497439375361,"@tooruskywalker no había casi nadie hablando del tema  (y tampoco puedo encontrar el vídeo, sad)",N
769849378664288257,"@ItsMeCar0l ¡Hooola, buenas! Soy el que tenía los ojos rojos en la fiesta de Elle  ¡Te sigo !",NONE
769848646867222528,"@Rafuki21 178. Sabes que me caes muy muy bien, y que en un futuro te daré un poco el coñazo con dudas de Diseño Gráfico ",P
769813079597121536,"@Swareles, ¡muchas gracias, Carla! De momento han caído tres, así que no empieza mal el día ",P
769808917518049280,"¡¡Muchas felicidades en el día de su cumpleaños a un buen amigo como @sagastiker!! A pasarlo en grande, compañero ",P
769645693090889728,Hola estoy que reviento por haberme comido un box de kebab ayudadme a morir gracias ,N
769766061126344704,"Después de casi un mes entero sin él... puff, espero no echar temporadas tan largas sin verlo ",N
769581132543393792,¿No os pasa que en ferias podéis ver a una persona como unas 29 veces y justo a quien quieres ver no le/la ves ni una jodida vez? ,N
769580324145754113,"Tambien subire el changelog a lo largo de estos dias, estaros preparados porque viene todo de golpe! ",NONE
769606898899382272,"@FutbolModestoEs Que guapísimo , dejaron mendizorroza, pero San mames ... de los + guapos del MUNDO¡¡ sin duda.(opinión) ",P
769633726254972928,BABY @BlasAuryn #FollowSpree. y la suerte de la semana pasada???  esto sería demasiado grande para mi.,N
769633700757770240,"@sport JA JA JA JA JA  Teneis el ojino como la bandera de Japón ,hijos de la gran puta ",N
769628218341072897,"@Tokpelotas estos últimos días han sido una detrás de otra. Ahora mismo nos vamos a La Fe a que miren a Pau, otra vez bronquitis ",N
769653702554681345,"Creo que pocas veces he estado tan enfadado como esta mañana, pero bueno, entre Uncharted 4 y el ejercicio me han animado ",NEU
769869979646828544,Echo de menos a Lexa  mis bragas ya no vuelan tanto como antes. Ya no me hace falta limpiarlas cada 5 minutos ,N
769868859406950401,@AraMalikian Lo hemos pasado en grande con las 4 estaciones. Una auténtica gozada para toda la familia ,P
769961235186155521,Plan perfecto para terminar el fin de semana. @AthleticClub - @FCBarcelona_es. Después @VillarrealCF - @SevillaFC ,P
769960084306792449,"Utopí audiencia estable, media de más de 8'5 en Imdb etc... Pero fue cancelada. No se puede tirar tanto de la manta farmacéutica ",N
769965167190937600,mi vida es una mierda primero me enamoro de un macedonio en ibiza y ahora del timbales de la panorama ,N
769959690092642304,Tranquilos que con el.dinero de Camacho seguro mañana empiezan las escabadoras en el Arraijanal ,P
769966461045571584,@Hectorfernandez @Alaves Pellegrino ha dotado al equipo una gran consistencia defensiva. Y buenos fichajes ,P
769965623615037479,@pichyniboss te queda bien tio! Espero que esteis todos pasando un buen verano ,P
769628633543667712,@PITjjjimenez_PK Denada  porcierto hazme un hueco en tu agenda de combates quiero ver lo que es capaz tu monotype contra el mio ,P
769664297140125696, Esta semana ha sido tan chachiosa que ya puedo decir que el verano se ha acabado de una manera decente  y lloro,NEU
769642483869446144,"@FrayJosepho @Hienosdeorgullo @Capt_E_Navarre Más bien imposible. A no ser q se convierta al Islam, claro ",NEU
769640318920720384,Apenas me he muerto de miedo pasando por la plaza donde se hace la hoguera de San Juan toda oscura. ,N
769904504531722240,"@pocho_f1 pero McLaren parece q mejora, 1,5s mas rápido que el año pasado en Qualy, y mantuvo a raya a los williams en Spa! ",P
769829491246071808,"Como dice @quique_gonzalez , se escapa otro verano en un furgón blindado    @salaBBK #Bilbao #QuiqueGonzález  https://t.co/WeaevYCT2L",N
769826140693401600,"No he ganado ni ganaré nada del concurso  Me lo esperaba,soy gafe y al fin y al cabo la suerte no esta NUNCA de mi parte. #prayforiaben",N
769903787184164864,En verdá llevo sin jugar al pokemon go desde que volví de Galicia porque ver que en Madrid no me sale nada guay me deprime y mucho ,N
769902370755084289,Mi padre le ha dado un manotazo a mi móvil y gracias a Dios que lo que se ha roto ha sido el cristal templado ,N
769908335315484672,"Quiero el pelo negro azulado y no sé cómo conseguirlo  los tintes de ese color que me he echado, no han hecho nada.",N
769906825756106752,"@Serjo77_ ya pero que estoy diciendo que el feminismo no es lo contrario de machismo es el hembrismo q como tu dices, no existe ",NONE
769880968807190528,"@ithaisa_sm @SuperScienceMe La verdad es que si, muy bonito  Me alegro que te haya gustado ! Y que hayas aprovechado el paseo virtual jeje",P
769620100475449344,@Nuchiky está en textos en inglés y voces en japonés. Que desilusión me he llevado al poner el juego  habrá que acostumbrarse 😕,N
769599335092944896,¿lo más gracioso? que si no defiendes/apoyas/eres activista del feminismo pues ya eres un machista opresor ,N
769598638007939072,@saez_cristina @muyinteresante @Fairphone Genial ! Está genial que la gente conozca un poco más estas alternativas ,P
769598400572624896,@ciberchenet Porque nunca nos toca un arbitro bueno? Hay alguno que sea bueno para el Valencia? ,N
769623178666733568,"Nunca he tenido esta sensacion, ¿me la harías sentir? Es muy importante para mí Blas @BlasAuryn  #followspree",NEU
769580253459148800,@Idolsftdjom @_jesus_OM @DanieloviedoM obviamente tia JAJAJAJAJA q soy la mayor  osqqqqq pero venir ya ofu,NONE
769875908933120000,"@borjald Ahora, la alternativa es incoherente e igual de inviable a día de hoy. En eso creo que estamos de acuerdo ",N
769873590942633986,"@SergioRevolS Pero este verano tampoco ha llegado a hacer calor, sobre todo si lo comparamos con el pasado ",P
769917463400153093,@mariamira67 que nos regales con capturas de imagen de tus actividades ya no es sorpresa. Lo sorprendente es que tienes inivitado! ,P
769831009613479936,@Avenghelyne un bq Aquaris m5.5 de hace un mes exacto y ya fallan cosas   Busco uno que sea fluido y no me de problemas y buena garantia,N
769818969796739072,"@eloycanovas jajaja! genial, te deseo lo mismo  los días se construyen, verdad?",P
769816336306429953,@leeahistheway ya... ha sido muy grotesco por mi parte poner una foto de Ojeda a las 10:30. Perdona ,N
772545702874476545,"@sdelgadoaros ..por cierto, en USA obligan a parir a una niña de 12 años, embarazada a caua de una violación..? (Es para unas amigas) ",N
772544493614690304,Y los directos deberían ser totalmente estables (ya que en Madrid solían darme problemas) Se vienen cosas chulas ,P
772542207828062208,odio la ubicación de tw porque yo la quiero dejar puesta pero cada vez que tuiteo me sale el nombre de mi pueblo y no quiero eso ,N
772539643720007680,Hola @TonyAguilarOfi nos gustaría escuchar #UnMinutoSinDolor nuevo single promocional de @DulceMaria en #40GlobalShow51 @40GlobalShow ,P
772551954425872384,"@JuditRT home pues todos. L y M me tengo que levantar prontisimo para solo una hora y luego X, J y V tengo muchas horas  y clase todos los",N
771440336572915712,@Pudimos_ @iunida brutal! Como se parece a las manis separatistas en Catalunya!! Espero que todos consigan la anhelada libertad ,P
772425237879222272,"@jcrlaguera @sinfaltas_com @delcastellano sí, es usual en País Vasco y zonas limítrofes, pero no me cabía lo último en el tuit ",NONE
772500343477403652,"@jrfern @xarxatic IA no llegó a ser social. Fue un espacio social de dinamización, muy útil, pero con fecha de caducidad. Y abrumador. ",N
772506066219335680,@oskiblasco te juro que cuando el que ganó el pantin classic tiro la gorra y yo salte a por ella me calleron 2 encima y me aplastaron  JAJ,N
772478723996184577,@pacoleonbarrios Aun hace calor pero las piscinas ya están cerradas y el mar pilla lejos  El Corte inglés no ha dicho aún que se acaba...,N
772043224714190849,".@enricaar @aurearamon @Congreso_Es @Esquerra_ERC @gabrielrufian El sigu escuela y administración trilingüe.  ¿Le parece?  ""#somescola""",NONE
772080944140394496,La envidia que le tengo a los que están conociendo a Jenko y Danielle ahora mismo no es normal. Es que ya aunque coja un avión no llego. ,N
772375984301568000,Me alegro mucho por vosotros! Sois una familia ideal  @mola_viajar aqui v si es niño Erik y si es niña Esther jaja 💗,P
772521623551348736,@V966Cobano Ojalá personaje! Pero tengo examen el 12  De todas formas hablamos para la semana siguiente que ya se lo he dicho a Fernando!,N
772508906828562432,#astroymas lo necesito. Se me acaba de romper   snifff snifff  gran podcast!!! saludos desde A Coruña (España)   ,N
772448468560441344,"Bueno, pues vamos a recuperar el tiempo perdido. Empezare por descargarme el Manchester City - West Ham, a ver que tal ",P
772487315042209792,@Se_Wilk @CiutadansCs @PrensaCs @mrhciudadanos @AlfonsoRojoPD Gran capacidad de análisis de @InesArrimadas en esa entrevista. #visión ,P
772462960698650625,"#feliz domingo.. que todos encontremos la gloria bendita, el ocio, la magia, los besos compartidos de amor, el duende.. ",P
771432130886901760,@llillitto @CarreraCSIC @TrofeoJose_Cano @correporsiria @mediodemadrid @MitinAtletismo @nortevssur1 gracias  me lo paso genial haciéndolo!,P
771386037214048256,"@astrongergirl "" En algún momento empecé a mirar más al suelo que al cielo "" "" Estoy harto de llorar, así que intento sonreír "" ",N
771352799607160833,@AccidentesTV Tengo entendido que en ese vídeo los que salen son trampeadores que se dedican a atrapar y luego liberar lobos sin muerte ,NONE
771399989176205313,Ahora que empiezan las jornadas de toros en esta ciudad me pongo un poco más triste al ver que seguimos sin evolucionar en muchas cosas ,N
771377812053819392,Que dificil es retomar los estudios despues de dos meses sin tocar un libro.. #pereza #ganascero #septiembre=examen ,N
771457906516566016,"@ClaudioSensasao @MsRose_84 @geraldine_balme ¡Cada vez sois más! Las risas están aseguradas entonces. Mañana preguntamos, dadlo por hecho ",P
771456610552123392,"@Oviedo_crt digamos que soy lo bastante mayor para q si se pone tonta,ponerla en mis rodillas y darle unos azotes en el culete ",N
771471322283175937,"@gregollaniz @juliorj10 Hablaba normal, con alguien, antes de q usted se metiera insultando. Debería tener más educación ",N
771477031288729604,"@escardi muchas felicidades en el día de tu cumpleaños sensual, espero que te lo pases genial y recibas muchos regalos suculentos ",P
771339035445002240,#feliz septiembre..es bonito retarse..es increible lo mucho que puedes aprender.. medirse con el obstáculo..eres la joyita de la corona ,P
771338661933834240,"@juanlebrijo Esa posibilidad está contemplada y, si hiciera falta, x el bien de España y por responsabilidad volvería a hacerse sin dudar ",NEU
771337490317840384,No puedo evitar ir a beber una lata de refresco y acordarme de @LourdesBiurrun family y terminar sirviéndome en vaso... ,NEU
771337139976015873,@MadnessOctopus ya... hay gente que es capaz de hacer eso. Yo si me corazón me pide poner cara de seta. No soy capaz de sonreir ,N
771335742480084992,"@Moguei @Begomix no tiene bastante con tener DOS puntos de salud, además está enamoradísima de la princesa y la princesa de la mala ",N
771361293861289985,"@Dekainfame sí, he leído eso, pero luego he leído OTOÑO, NOVIEMBRE, DICIEMBRE y me ha dado bajón  Además no tengo ni ds ni juego ",N
771296174066245632,@JosMan_GoGi El efecto a largo plazo es la desafección mayoritaria entre la izquierda  El votante se cansa y se queda en casa.,N
771304215746445312,@Sara_benben pero el caso es que en Humanidades hay latín y griego y yo en mi vida he dado latin y griego así que me iria fatal en ellas ,N
771308689810534402,"URGENTE!!! VENTA MY NAME TIKETS!!! Tengo dos tickets ULTIMATE VIP pero no podemos ir  los vendo más baratos, contactad conmigo!!!",NONE
771302640252747777,"@CucoRguez Ya, estoy jugando al ratón y al gato. No solo voy, me quedo a dormir mañana en vuestro hotel. Quedamos fijo. ",P
771720387751211008,"@Alvaro845 @progames045  tienes toda la razon alvaro! Soy un gran fan tuyo tu me enseñaste casi todo de clash of clans, eres el mejor!!! ",P
771783543575937024,@DBeletujo ajajajaja yo en Benidorm vi a dos mujeres con carritos de bebé y los perros dentro y cuando las vimos nos quedamos flipados ,N
771791555493498880,@SophiaBush Pero me gusta la Idea.  Ver chicas fuertes luchando al estilo Dragon Ball Z y en versión real. ,P
771493603759812608,"@timetransfixed_ te juro que no me acuerdo solo sé que alba hizo el vídeo inmitándole, no recuerdo absolutamente nada del original ",N
771468748607881216,"@bigotingos   Ilustres, Jose.  Qué fácil salen los insultos viendo cómo hemos empezado Burgos y Murcia ",N
771608605757890560,Han talado el abedul gigante que había en la esquina de Ríos Rosas con Castellana  ¿Alguien sabe porqué? #Madrid,N
771615244720365568,Demasiadas cosas raras en poco tiempo! Anda y que les follen 0 complicaciones 0 historias   Me voy a la playa y viva España! ,N
771807457567965184,"Acabo de comprobar en Linkedin  si eras mi antiguo alumno, tengo un gran recuerdo @alexldguevara  Te deseo lo mejor @vlcextra",P
771695148568813569,"@Pedro_GarMu uy qué bien me vendría para colocar la WiFi, el portátil, las flautas, el saxo, el nariclete, las partituras y mi desorden ",P
771694556005924864,@Comunikaa2 me alegro mucho!! es importante darnos cuenta del gran valor que podemos aportar y encontrar nuestra misión ,P
771861553067032577,"Yo estaba cansadete, pero de repente me habla a un amigo para jugar un ratejo a la Beta de Battlefield 1, y quién le dice que no al chico ",P
771835991892131840,Es decente tener un Gobierno democrático que cumpla su función politica. NO lo es tener un Gobierno que representa la #corruPPción ,N
771838834975838208,"@TichKhan_ d los cines donde la hacen este finde,el+accesible es el icaria,q ha bajado precios(no me pagan xD),o las matinales de DiagMar ",P
771874957882171392,"nos subtitulos de Bojack horseman tan hablando de El Pais, El Mundo, El Mundo Today y Alaska y Mario y ye terrible ",N
771846863754555392,@juanarza @JuanCladeRamon lo he intentado. Espero q en los próximos días veamos una ilustración práctica q ayude a clarificarlo ,N
772771364696649728,"@BiciMAD Bien, ahora solo falta que pongáis una estación en #PuenteDeVallecas para poder ir en bici hasta mi casa ",P
772838570860118016,"@RinAnllel Uno aprende que el mejor momento de crear bonitos recuerdos es el presente, el pasado ya fue, te toca elegir lo que va a ser ",P
772872089489539072,"@pasapalabraT5 @RaquelBielsa @_fraanb_ Gracias, lo único que me hace feliz es escuchar música, adivinar y ganar ",P
772868083891466241,"@Anina97 Pues a mi me pasó una experiencia paranormal allí de noche y no he vuelto, pasé muchísimo miedo ",N
772856297314222080,Esta decidido. ¡Habrá Modo Carrera en el canal en FIFA 17! Si este tweet llega a los 30 likes desvelaré el equipo con el que se hará ,NONE
772818960173719552,"@MoratoX_ genial, pero ten cuidado está muy vigilado, este está hecho con uno casi de juguete, Syma X5c, casi no entraña riesgo ",NEU
772816974388887553,Tengo dos horas seguidas de latín y griego.  Dos horas seguidas con la misma profesora.  Menos mal que me cae bien.  Pero son DOS horas.  ,NEU
772813954955481088,"@YJaretir al cine no es romántico, vale. Yo de regalar algo soy más de dildos, lubricantes, o comida, algo de buen uso y luego doy masaje ",N
772796443623129095,@DesireeDelgado yo llevo medio verano debajo de la dichosa máquina... menudo verano largo este año de sofoco... ,N
772799248828170241,Cuando suben tres fotos tuyas representando tres clases de la Escuela de Música y sales de todo menos bien ,N
771107499281903616,@___abm13 me has borrao del lol? ,N
771268891834130433,"@aletheia7 sí, ya estoy resignado en ese sentido ",N
773304255570644992,Era más grande de lo que parece. ,NEU
773280415209619456,@Galan_Javichu lo que estoy es deprimida ,N
773338659982639106,tu en serio por que sois tan tontos ,N
773513978215600128,Iré a la bgw con una pequeña sorpresa ,NEU
773519734390349825,"No es que ahora no sea feliz, pero antes lo era más ",N
774733804833472512,Mañana va a ser un día guay ,P
774695287717855232,Qué jodido es ser del @RealZaragoza hoy ,N
773655060484153348,@marinj460 a mi me a pasado en la 76 ,NONE
773551888990076928,Estoy muy preocupado por él con lo bueno que es ,NEU
773650684386443266,@Pattvh_ no porque no los tienes activados a todos ,NONE
773667964021272576,"@MrJungla ya somos dos, que triste ",N
773667831498018821,@DovakhiinMudo 9 por lo buenico que eres  💜,P
773238965709176832,@chefidiaz no seas muy dura ,N
774194312007520256,Ya me encuentro mucho mejor. ,P
773970808192528384,alguien duo por la noche? ,NONE
774749669180182530,"Que os den, buenas noches ",N
774979102742876160,Hoy es un día especial. Feliz 11S. ,P
774978402377949184,"@anna_delaossa ya no tengo mas , soy pobre ",N
774957359894556676,Quiero ir a la Diada ,NEU
775005791136997377,@AndreaJArsenal a mí en directo pero ,NONE
773444810044768256,@CodigoNoVerbal Tanto como nosotros de que la impartas ,P
775044444118720512,@Ssictor No todos somos gilipollas ,N
773112600284499968,Un día la casa para mi sola por fín ,P
773210077381718016,@VasoDeLejia Pero si yo soy inocente  o no lo soy..,NEU
773136593150443520,Luego la rara soy yo ,N
773184057387655168,Esto de estar feliz mola ,P
773162483821449216,que ganas del FF XV en serio ,NEU
773126032626970624,@Monicadocatelan no se si seré tan despreciable ,N
773027014513139714,Las 7 y cuarto y yo aquí ,NONE
767848662747770880,"@WaterLiliesMon_ no las des, en serio. ",NONE
767680782135590912,@showmystyles pero esa no es bonita ,N
768784012966031361,@ionrumanboy no es tan facil ,N
768895216027860992,Ya me han picado los bichos ,N
768868652795977728,Me voy a despejarme un poquito por ahi ,NEU
767366115999834112,Que coraje me dan lxs prepotentxs ,N
767394018527436800,ah bueno y no tengo dinero ,N
767521151262351361,Encima estoy en mal de amores tio. ,N
767432328381693952,En realidad no soy tan blanca ,NEU
767388791543914497,Tengo los md abiertos Crushes ,NONE
768234582630072320,Lo peor es que no es aposta ,N
768184386206441472,@nyctophyle tia eso es muy raro ,N
768163226240647168,Soy muy obvia pero me la suda ,NEU
768067818378104832,@ibk_lx7 Ps porque tú lo eres conmigo ,NONE
767817325680660481,@eduarsarcos yo no soy normal ,N
769274823818215424,tenía un mensaje directo y estaba ,NONE
769307188326240256,"@cakebaess no lo es, tranquila ",P
769325141121703936,Me estoy muriendo de lo malo que estoy ,N
769190253911543808,@Maria_livefree yo ya lo tengo bonica ,P
768382033429164032,A ver súper cutie y tal pero ,N
768371291275624448,Me encuentro muy mal hoy no estoy para trabajar ,N
769559274104164352,@Mentestropeada Bof tio que duro ,N
768942387305521152,@Hekiina es que la intimidas ,N
768961384424038402,@mariaaravjo oye pero yo no soy tan burguesito sbs ,N
768772572754436098,@GordoMaestro No lo soy lemado ,NEU
757481442532286464,Xq ta cerrao el estanco ,N
757601971562024964,@YelouKitty pero eso no es grasioso ,N
757593585634213888,@Davorias Pero es que está muy rica ,P
757585725764362240,@narvalillo Eso es antiguo ya ,N
757097408304148480,Mi TL esta vacía a estas horas ,N
757971881077182464,"Ya tengo uno, pero ese es más cheto  @aweamasome.",NEU
757949870124695552,Estoy sensible y lloro por todo y ,N
